<?xml version="1.0" encoding="UTF-8"?>
<project-private xmlns="http://www.netbeans.org/ns/project-private/1">
    <editor-bookmarks xmlns="http://www.netbeans.org/ns/editor-bookmarks/2" lastBookmarkId="0"/>
    <open-files xmlns="http://www.netbeans.org/ns/projectui-open-files/2">
        <group>
            <file>file:/D:/GitRepository/TestRepository/Network/src/coap/exam04/server/CoapResource05.java</file>
            <file>file:/D:/GitRepository/TestRepository/Network/src/coap/exam04/client/CoapResource06Client.java</file>
            <file>file:/D:/GitRepository/TestRepository/Network/src/coap/exam04/client/CoapResource05Client.java</file>
            <file>file:/D:/GitRepository/TestRepository/Network/src/coap/exam04/server/CoapResource06.java</file>
        </group>
    </open-files>
</project-private>
