<?xml version="1.0" encoding="UTF-8"?>
<beans xmlns="http://www.springframework.org/schema/beans"
	xmlns:xsi="http://www.w3.org/2001/XMLSchema-instance" xmlns:mvc="http://www.springframework.org/schema/mvc"
	xmlns:context="http://www.springframework.org/schema/context" xmlns:p="http://www.springframework.org/schema/p"
	xsi:schemaLocation="http://www.springframework.org/schema/mvc http://www.springframework.org/schema/mvc/spring-mvc-4.0.xsd
		http://www.springframework.org/schema/beans http://www.springframework.org/schema/beans/spring-beans.xsd
		http://www.springframework.org/schema/context http://www.springframework.org/schema/context/spring-context-4.0.xsd">

	<!-- @어노테이션을 이용해서 개발할 수 있도록 설정 -->
	<mvc:annotation-driven />

	<!-- 어떤 패키지부터 @어노테이션을 찾아서 사용할 건지 설정 -->
	<context:component-scan base-package="com.mycompany.myapp"></context:component-scan>

	<!-- Controller가 필요없는 정적 리소스 폴더 설정 -->
	<!--  -->
	<mvc:resources mapping="/resources/**" location="/resources/" />

	<!-- 스프링 관리 객체로 등록 -->
	<!-- <bean id="viewResolver" class="org.springframework.web.servlet.view.InternalResourceViewResolver"> 
		<property name="prefix" value="/WEB-INF/views" /> <property name="suffix" 
		value=".jsp" /> </bean> -->

	<bean id="viewResolver"
		class="org.springframework.web.servlet.view.InternalResourceViewResolver"
		p:prefix="/WEB-INF/views/" p:suffix=".jsp" />

	<bean id="multipartResolver"
		class="org.springframework.web.multipart.commons.CommonsMultipartResolver" />

</beans>
